review_id,review,rating,date,bank,source
2a1081f6-1a8b-4d7b-a8df-6051ae97d6ae,love,3,2025-06-06,Dashen,Google Play
6bf133a1-9c89-44df-a25c-f336b30fab2a,·àò·â∏·à∏·å†,5,2025-06-03,Dashen,Google Play
652e8e98-448f-4b0a-b3f0-e4afdefcb59c,wow,5,2025-06-03,Dashen,Google Play
740120e5-1738-4595-b488-e115bd8f352a,gadaa,5,2025-06-01,Dashen,Google Play
680780a1-549d-416c-a01e-20a7ddb06139,Massive upgrade from the Amole app.,5,2025-05-31,Dashen,Google Play
a3bcca90-3f9a-49fa-9e93-abdf8a5d2c38,good,4,2025-05-31,Dashen,Google Play
fa4f011d-de46-4758-8753-ddf94474e58e,very good for this app,5,2025-05-31,Dashen,Google Play
3f57f83e-2e77-4aa9-8aca-21539f430cd2,top,5,2025-05-31,Dashen,Google Play
2174871c-fce5-41cc-b470-f76f8fba2637,this app better than Amole . but the biometric on new update doesn't work,4,2025-05-31,Dashen,Google Play
80f3115c-39cd-4f9c-94d6-35f32e8d6329,Wow,5,2025-05-30,Dashen,Google Play
b883de55-e24c-4ca6-ad95-1331f3899a4b,good,5,2025-05-30,Dashen,Google Play
168c2bc5-8c83-42b2-ac7f-eb814125cc06,wow to it saff and this app,5,2025-05-30,Dashen,Google Play
d4824c89-79b6-4860-92aa-fb20881884f1,it too slow,3,2025-05-29,Dashen,Google Play
925090bd-265f-4004-a200-89c07ab6626a,·ã≥·àΩ·äï ·â£·äï·ä≠ ·ã≠·àà·ã´·àç,4,2025-05-28,Dashen,Google Play
2d58c486-291b-42a1-bf17-859aca41457c,real life changer,5,2025-05-28,Dashen,Google Play
09238667-6695-4342-8ecd-d3e04e94e3c9,üëçüëçüëç,5,2025-05-28,Dashen,Google Play
a51843e0-0076-433e-990a-baa23a932c3e,good,5,2025-05-28,Dashen,Google Play
744147fd-be7a-427f-b012-af90d39fc8a0,nice application,5,2025-05-27,Dashen,Google Play
aaa93876-0147-48c8-ac1c-077dde7545f7,good,5,2025-05-27,Dashen,Google Play
cb5613ed-a0bb-4f36-b893-77a3141dd878,wow,5,2025-05-27,Dashen,Google Play
7fe8295c-1f2c-4b1c-aac5-4cf58519ec00,useless app ever loading take long,1,2025-05-27,Dashen,Google Play
247923ee-6b40-41ab-bf49-e42913995308,"Game changer app! Dashen Bank Super App is fast, secure, and easy to use. The three-click payment makes sending money super quick, and the QR code payment is perfect for cashless shopping. I also love the biometric login and easy airtime and bill payments. Everything I need is in one place. Dashen Bank has really raised the bar for digital banking in Ethiopia. Highly recommended!",5,2025-05-26,Dashen,Google Play
46d850c6-039d-4d25-9729-e6d8733ce77b,very useful App,1,2025-05-26,Dashen,Google Play
78338c8f-9054-472c-9ca1-47dcfbd9ccb5,"Simple, robust features? Yes, please! But the endless loading screen killed the fun‚ÄîI couldn‚Äôt use it for days. Fix the glitch, and I‚Äôll yeet a higher rating!",2,2025-05-26,Dashen,Google Play
b1a339a5-9c9a-4732-a1da-46fb28350ae0,Wawww,5,2025-05-24,Dashen,Google Play
665b9317-ea80-473c-ae1d-87cdb5590571,it is good but some times says duplicate transaction why?,5,2025-05-24,Dashen,Google Play
bbae16f6-925b-4588-8da9-a229273b3fae,very Nice,5,2025-05-23,Dashen,Google Play
49fa514c-62f3-422e-a446-1d1cf8a3f46f,its best,5,2025-05-23,Dashen,Google Play
60fa86d0-4fa7-411b-a6df-f628851747b3,it is not as good as to the other mobile bank app.,1,2025-05-22,Dashen,Google Play
1b4622c7-42ef-4e9f-90c9-e4a2fae9345d,"The best of best is now arrived **Empowering Your Financial Freedom** ""Experience seamless banking at your fingertips with Dashen Bank. Empowering your financial freedom, anytime, anywhere!"" **Innovation Meets Convenience** ""Dashen Bank Mobile Banking: Where innovation meets convenience. **Secure and Reliable** ""Bank with confidence",5,2025-05-22,Dashen,Google Play
f2854646-4edd-4a7f-88b0-a0fe89277a9f,wow,5,2025-05-20,Dashen,Google Play
403b57cd-90ab-4498-ae02-3eda5b24ae6e,Nothing is changed in the updated version. You have been collecting comments but where is the feed back you improved in this version. superapp is mot functioning today.,4,2025-05-20,Dashen,Google Play
3ba80928-4306-48a4-95b8-aa0cae7e1e76,good,5,2025-05-20,Dashen,Google Play
47dd61fe-b34e-4989-8ee9-539e448aefcd,its best,5,2025-05-19,Dashen,Google Play
11f31eb8-2bf2-4a41-81c1-3a1874b45b4a,The best app ever in finance sector,5,2025-05-18,Dashen,Google Play
b4912f66-0f30-4774-b1b0-a8f80e10eed2,Its good app than other compitators but it confuse when we transfer it needs OTP and PIN most user inter their pin instead of OTP we know the litrecy level of our society so if it is device based i dont know the needs of OTP so please try to fix,3,2025-05-18,Dashen,Google Play
4b100a04-cf3e-4784-a163-9faaf3ae1407,dashen bank or dashen super app?,1,2025-05-17,Dashen,Google Play
aec9987a-d2b7-4a77-b1a2-84f2d4635d4b,wowwwe app,5,2025-05-17,Dashen,Google Play
07fd06f5-bf50-46e0-913c-e632c69ecc73,"Transferring to other bank accounts is a hastle and inconvenient .Get used to seeing "" please try again """,2,2025-05-17,Dashen,Google Play
58b3895f-d9a2-42ee-89ab-4e38312480ce,good,5,2025-05-16,Dashen,Google Play
2fc89bdf-8c8c-48de-bbb5-1e335aade574,always lagging,1,2025-05-16,Dashen,Google Play
4679017b-336c-4b2e-8d09-6ba49aabd3bf,Amazing Application...,5,2025-05-16,Dashen,Google Play
c4ff2b92-a1f7-4549-b548-e10735311398,Fantastic,5,2025-05-16,Dashen,Google Play
b62d5ee9-d5fa-4d65-b1df-15e84a96c16a,"Dashen bank app is very good, but sometimes it is not working well",5,2025-05-15,Dashen,Google Play
a0cd9e40-0f7f-4915-8845-3ec0359d2c46,its my choice,5,2025-05-15,Dashen,Google Play
c833555b-093e-4f95-87cd-d1933c5fd5c8,wow apo,5,2025-05-15,Dashen,Google Play
93a58edc-bedc-4f50-96aa-7de9aa263d6a,awesome app keep going,5,2025-05-14,Dashen,Google Play
28b1211b-9b0a-4351-9c4b-22b627d21ca9,wow,5,2025-05-14,Dashen,Google Play
87431ebe-2100-4c98-bcec-a8821077e6ef,üëç,5,2025-05-14,Dashen,Google Play
71618132-26ca-4f0d-af17-612b84b093d3,"It grows ethiopian digital banking step ahead.All fetures in one,simple fast and convince.",5,2025-05-14,Dashen,Google Play
eaf67348-ade1-47f9-851d-2fc84be0cf3e,Game changer,5,2025-05-13,Dashen,Google Play
87ab3da7-3e7d-4bdb-9399-ef7eb3edd151,Totally amazing,5,2025-05-13,Dashen,Google Play
da411784-a59d-4299-bd95-6dc9b845d7b5,super üòé,5,2025-05-13,Dashen,Google Play
65c61c4d-a4e8-436d-a24f-9eef101d9558,what a helpful app!!!!,5,2025-05-13,Dashen,Google Play
15b63109-e9e2-49ce-a330-568ad54c22ae,Good,4,2025-05-13,Dashen,Google Play
a04b2bb1-b502-4790-852a-ce835bb25b60,nice,5,2025-05-13,Dashen,Google Play
c2feebda-5310-405c-bb12-4179707eeb93,wow,5,2025-05-13,Dashen,Google Play
e67d0c7c-2d19-4f2d-b6c1-eb2bd8e8a1bb,"To be honest, best banking and lifestyle app in Ethiopia.",5,2025-05-12,Dashen,Google Play
6579c0fd-ddae-41ec-ad2b-b52723325973,fast,5,2025-05-12,Dashen,Google Play
43609bb0-43c2-40b9-9dbf-74d088815c44,"A must have, seamless, all in one digital platform ""DB Superapp""! Keep living your motto ""Always one step ahead""",5,2025-05-12,Dashen,Google Play
73d1b1f4-9aed-4a32-9b0f-dbae01722842,"This App makes digital banking effortless and convenient. User-friendly interface, secure transactions, and excellent features for managing finances efficiently.",4,2025-05-10,Dashen,Google Play
b2506f7a-0f59-4a0e-ba98-9bd59f3d0ce3,good,5,2025-05-09,Dashen,Google Play
bf468e85-829c-49d5-aa91-ccebb6dd7986,Amazing app super easy to use and best design. loved it.,5,2025-05-09,Dashen,Google Play
fbb34417-a283-4ec8-95aa-08b29b913de0,its the best ever,5,2025-05-09,Dashen,Google Play
074209b6-34e4-40bd-a704-9fca58d1b332,nice,5,2025-05-08,Dashen,Google Play
2a99032e-9f59-410f-aad8-597f8b33b63b,excellent game changer App,5,2025-05-08,Dashen,Google Play
114e02fc-2a6a-4a75-ab90-7f5d974bda2f,I am highly excited by using this application and it is the most favorable as well as preferrable mobile app.,5,2025-05-03,Dashen,Google Play
cfc55aed-ae61-46d8-98c8-d2119df61885,it seems me logging out within minutes,1,2025-05-03,Dashen,Google Play
dbd620e1-7b5c-4ca5-976f-701b18b858b0,nice app especially GUI and I have got some error when you send within dashen bank the receipter is not get SMS notification,4,2025-05-03,Dashen,Google Play
d64be4cd-ff82-4cf2-a4c3-f7fc4689edef,yes i want dashen super open,5,2025-05-02,Dashen,Google Play
7ee3b1f1-fb27-455f-b1e2-334c80b41698,Best App,5,2025-05-02,Dashen,Google Play
666b1831-912b-4aba-966e-49668871376f,faster than this version,5,2025-05-01,Dashen,Google Play
9539fc4e-ca3c-4a5c-a7f1-d1e045ea824c,"Best UI mobile banking app, props to design team",5,2025-04-30,Dashen,Google Play
ea207b6a-c967-4986-9cce-de4dc7fe97f0,thank you,4,2025-04-30,Dashen,Google Play
43ff63b0-c8d2-4dff-8a2e-e716376ab402,great app,5,2025-04-30,Dashen,Google Play
464d8dd0-cd86-4cbb-a1d0-a662198c94fc,bad.,1,2025-04-30,Dashen,Google Play
73838d3b-64de-41f1-b223-a3b441b4a1fd,Dashen bank always one step ahead,5,2025-04-30,Dashen,Google Play
19ef9774-bc07-4020-9132-2fee915d502f,dashen super app is secure band very easy,5,2025-04-29,Dashen,Google Play
79d9671c-dff1-4ec7-b7ed-f1d9c5bfc1e9,It is very fast and secured mobile banking app! I like this app!,5,2025-04-29,Dashen,Google Play
b3849969-40fb-4d04-a3cf-13376165226f,best app I have ever seen,5,2025-04-29,Dashen,Google Play
30be624c-ead6-4452-b9de-6063b1c5f9ca,best of best,5,2025-04-29,Dashen,Google Play
656312b1-3447-4247-adda-b47b6e795289,waw,5,2025-04-28,Dashen,Google Play
745e7b02-62b6-43f0-8124-cdcded762796,best app,5,2025-04-28,Dashen,Google Play
04832883-3de4-4569-be62-5d3adc241ea9,Its slow when i try to see the Recent Transaction and stucked,1,2025-04-28,Dashen,Google Play
1ca167b7-3119-44ef-9c02-73c79c00cb30,wowslnwoooo wowwww amazing !!!!!!!!,5,2025-04-28,Dashen,Google Play
402c1fef-ec27-42a6-8a04-c06344a71d86,wow appl,5,2025-04-28,Dashen,Google Play
a9edaf28-bc46-48f6-af6d-ee7cf79e23b8,why do i have to change a pin number i use my finger print so dummy,1,2025-04-27,Dashen,Google Play
4ad3db5f-e02d-4ccb-8fb2-5a305048521b,very nice,5,2025-04-26,Dashen,Google Play
209dd4cb-fdaf-47d1-a33d-7f66fea7db07,great,4,2025-04-26,Dashen,Google Play
b0891dce-5e8b-42eb-8768-832dc99490d7,"It is very slow and it lacks many features to be a super app. High rating is given by their employees, not by the customers.",1,2025-04-25,Dashen,Google Play
4c9d55cc-9bbe-49d1-aaff-232030c06108,"Smooth and secure experience transfers, bill payments, and tracking expenses are all effortless. The intuitive design makes banking on the go.",5,2025-04-24,Dashen,Google Play
869f4fe7-aa9e-4ce0-86b4-e37d762ae2ee,Very easy and Fast.,5,2025-04-24,Dashen,Google Play
111ff592-6417-4bed-9f65-a9a5253b87a9,Incomparably user-friendly and fast app for mobile banking.,5,2025-04-24,Dashen,Google Play
0eca1cef-b5a4-420f-a63d-395e57bcacdd,"there is nothing super about this app, repeatedly failed transaction and wastes customer valuable time. if you have to do system upgrade do it at a time when there is less traffic demand. your Technical difficulty should not be reflected on customer.",2,2025-04-24,Dashen,Google Play
582e0a56-da2a-4302-97ba-ca3d0cbfb9de,execellent,5,2025-04-24,Dashen,Google Play
9474462b-4360-4719-9936-16b397346426,"This super app is a total game-changer‚Äîfast, reliable, and packed with everything I need in one place. It‚Äôs seamless and super convenient. Love it!""",5,2025-04-23,Dashen,Google Play
e8170a77-6067-43b8-8f34-8597be736a9c,All in One ‚úçÔ∏èsecure ‚úçÔ∏èreliable ‚úçÔ∏èconvenient. Digital banking game changer!!,5,2025-04-23,Dashen,Google Play
435c30d4-315f-4d41-a30b-c430c7908a5d,it is incredible product.,5,2025-04-23,Dashen,Google Play
be20c70d-e65a-423f-9d24-60061d5db89e,"I'm really impressed with this app! It‚Äôs user-friendly, runs smoothly, and has all the features I need. Makes my tasks so much easier and saves me a lot of time. Highly recommended!",5,2025-04-23,Dashen,Google Play
f356c89c-8ed4-4539-982e-1a8104bb21f6,best app,5,2025-04-23,Dashen,Google Play
70958ea5-837d-471c-8caf-787ee9c69e30,ok,5,2025-04-23,Dashen,Google Play
15f3b6d4-1d1c-4318-90eb-2478637a954e,"It's an amazing app, experience it!!",5,2025-04-23,Dashen,Google Play
a1efabe3-26aa-45bb-a8ed-41fb617d6a4f,This is the best banking app ever. I recommend everyone to use it.,5,2025-04-23,Dashen,Google Play
bc0539db-50c9-4e8c-a666-aa86b21a2c67,It is the best application!!!,5,2025-04-22,Dashen,Google Play
c289ad5b-a3c6-4721-ba9e-f2f6b29734f8,"Exceptional digital experience, SupperApp will bring new paradigm shift in the banking business. Bravo Dashen keep it up!!!!",5,2025-04-22,Dashen,Google Play
4a397f93-7122-40fc-a5bc-34eded90621e,its features are so dynamic,5,2025-04-22,Dashen,Google Play
e740a964-d9b8-43c2-97bb-12329a47ba20,fast &Friendly user Application.,5,2025-04-22,Dashen,Google Play
1ce98450-bf4a-4063-9220-03a040e61a48,"Fast, Reliable and User Friendly. Keep it Up",5,2025-04-22,Dashen,Google Play
e229df29-a885-4d00-b288-ef4607096988,"#dashen super app is easy to use, secure & fast transactionüòç",5,2025-04-22,Dashen,Google Play
833191f8-7198-4373-977b-d2b4f3d19f14,i love this app esp 3 click that make e-commerce easier and convinient.,5,2025-04-22,Dashen,Google Play
3c1c5099-7748-484c-89ec-669cd8e066da,Dashen Super App contains extended selections for customers and can be easily accessible and also friendly to use.,5,2025-04-22,Dashen,Google Play
2f00a01f-7499-43a8-983f-0098362f2c1e,Great for everyday banking and payments on the go,5,2025-04-22,Dashen,Google Play
7b21fc8b-b74b-4f2b-8f95-e872a3bee223,"""Dashen Super App'' is impressive with its focus on simplicity, speed, and quality. The user interface is clean and easy to understand. Transactions process quickly, and the overall quality of the app is top-notch. A must-have for Dashen Bank customers. ·ã≥·à∏·äï ·â£·äï·ä≠ ·ä†·äï·ãµ ·ä•·à≠·àù·åÉ ·âÄ·ã≥·àö·ç¢",5,2025-04-22,Dashen,Google Play
bd68931a-1bf7-4c44-959c-70cadd55a0af,making transactions has never been easier. the new update is just amazing,5,2025-04-22,Dashen,Google Play
142ed033-5d49-44ef-b464-91851622dfe7,"The app has various usefull functions, which make easy the payment system. Also, it will connect with sellers having reasonable prices.",5,2025-04-22,Dashen,Google Play
419506e6-fd3e-426d-9834-e18e672ca89a,The app has great user interface with comprehensive payments and E-commerce platforms. And also it includes unique features such as chat Banking and budget.,5,2025-04-22,Dashen,Google Play
c6951ac2-ea0d-4df7-8e96-fa12c36920fd,betam mirt Ena betam le atikakem kelel Yale Ena michu application nw,5,2025-04-22,Dashen,Google Play
3f5f74ca-c9c5-4d97-b9ee-8a9ab80410bf,Convenient!,5,2025-04-22,Dashen,Google Play
35fe61b7-f877-450a-9693-0cbb1e769293,It is an amazing application that meets the needs of customers.,5,2025-04-22,Dashen,Google Play
85a46758-2fa8-46e8-b337-8b5f70474a9c,Effecting payment via the app has created convenience to the recipients in easily confirming the payments received!,5,2025-04-22,Dashen,Google Play
d35ddc5f-82b5-463b-a8a5-963c1b32a0fd,the best Supper App ever,5,2025-04-22,Dashen,Google Play
92bbedb5-a9cf-4ddf-b447-ae3b4139b536,"This is the best app ever, when is it planned to include digital lending and gasification?",5,2025-04-22,Dashen,Google Play
ff746515-21b9-4700-b2af-875d63c09070,"A powerful, local solution that rivals any global app. I love how easy it is to explore services and products.",5,2025-04-22,Dashen,Google Play
f3b7a4a7-416e-4ae4-b28f-90c79abd58c8,Dashen bank is my number one choice,5,2025-04-22,Dashen,Google Play
892c1120-c0dd-44f4-b48c-21a35f6771c6,Assefa Genetu = Dashen superup is the latest and inclussive .I am happy with this super up.,5,2025-04-22,Dashen,Google Play
b3073901-1997-408b-b107-7026ddc8466d,"The App is incredibly user-friendly and brings multiple services into one place. It's fast, intuitive, and makes daily tasks super convenient. A true all-in-one solution!",5,2025-04-21,Dashen,Google Play
04db9d51-75a9-449c-b8b4-9c5c85920671,"Proudly made in Ethiopia, this innovation delivers more than promised. The marketplace is a major boost for local commerce",5,2025-04-21,Dashen,Google Play
e5f7a996-ad69-426c-9ac0-1b3df0f8aed9,it so fanrastic and user friendly app. Bravo Dashen bank thanks.,5,2025-04-21,Dashen,Google Play
8819e0da-3179-4880-abfb-b008357e6f73,"one of the best digital platforms I've used! from smooth transactions to a seamless shopping experience, highly recommended.",5,2025-04-21,Dashen,Google Play
3ddfbd41-d051-457c-a0c9-47494e35e163,A proudly Ethiopia innovation that delivers beyond expectations. The marketplace feature is a big win for local shoppers bnd sellers,5,2025-04-21,Dashen,Google Play
4fb08ebc-de0b-4af4-b50f-f67a6ac8731b,"Dashen Super App is a game-changer! It‚Äôs fast, user-friendly, and packed with features that make everyday banking and transactions super convenient. I love how everything I need from mobile banking to utility payments is all in one place. The interface is clean, and everything works smoothly. Definitely one of the best apps out there. Highly recommended!",5,2025-04-21,Dashen,Google Play
079c9036-f15f-4ead-88a2-475e2ee152da,Easy to use and has many options. It is the best financial app I have ever used.,5,2025-04-21,Dashen,Google Play
8c1a7f88-e980-46cf-adff-9a1dc29896c5,"Highly impressed! Dash Bank really nailed it with this app. Secure, reliable, and packed with features I use daily",5,2025-04-21,Dashen,Google Play
0b575914-c4bf-49e5-a6bf-709f261e4638,"One of the best digital platforms I‚Äôve used! From smooth transactions to a seamless shopping experience, Highly recommended",5,2025-04-21,Dashen,Google Play
1043349c-4f23-4daf-a20d-43cf4daf7c3e,"This app has everything I was looking for, dashen is becoming a grandmaster.",5,2025-04-21,Dashen,Google Play
1b779faf-6feb-462e-b1dd-82b05c5835bf,Very convenient,5,2025-04-21,Dashen,Google Play
5892f740-f0e5-4685-aca3-d8dae4c8113d,"The user experience is seamless, and everything just works perfectly right out of the box. I can‚Äôt believe how much time and effort it saves me every day.",5,2025-04-21,Dashen,Google Play
159f6977-daaa-441c-876d-c28495290df5,wawwwww what nice super app !!keep it up dashen bank !!,5,2025-04-21,Dashen,Google Play
cd88c2c6-16ee-4666-85be-13792846ef87,"Dashen SuperApp the ultimate all-in-one solution! From banking and shopping to bill payments, everything you need is right at your fingertips. Life just got a whole lot easier!",5,2025-04-21,Dashen,Google Play
38d95f2b-46f7-43ba-b183-4d56cea74334,"It is,really super because of its unique offerings to individuals and businesses.It is a secure UX first app intended to cater comprehensive digital meeds.I am also happy to know that Dashen is considering to make the app more inclusive by lowering the mobile version requirements .",5,2025-04-21,Dashen,Google Play
bd7d4ec3-f325-49ed-97cb-b921e8aa4557,"the very easy, secured, fast and multifunctional dashen supper application I ever seen. dashen really one steps ahead!!!",5,2025-04-21,Dashen,Google Play
b43710ea-3930-4861-91e4-9a3d6c5c2e5c,"One app for everything! I can shop, manage my bank account , and do so much more . Truly a super app",5,2025-04-21,Dashen,Google Play
d339f6a0-f929-401c-b1d9-0f7a4631a30f,one of the best digital platforms I‚Äôve used! From smooth transactions to a seamless shopping experie,5,2025-04-21,Dashen,Google Play
187752ed-2055-44a1-9828-d0aa2d770a70,"Dashen Bank super App is the most suitable, reliable, and fast digital banking system.",5,2025-04-21,Dashen,Google Play
f19b3471-e44d-44dc-8dcf-d5e0111c15f4,Excellent app.,5,2025-04-21,Dashen,Google Play
966f3cc7-9577-4970-a9ce-18c391cb0da6,This is what we call banking app. As professional I want banking app as simple as this and an app rich of features that align with my lifestyle.,5,2025-04-21,Dashen,Google Play
e80b8f7c-f4ba-4abe-9de3-14eb346724d9,thanks again,5,2025-04-21,Dashen,Google Play
9bfed971-bce4-4edd-bf29-9650eca74d6c,Super Easy To Use and Fast Transaction.,5,2025-04-21,Dashen,Google Play
14f6dc0e-c88f-4c6c-88a3-83d7a6d02445,"I have an incredible experience with Dashen super app, what an amazing platform is it?. keep pioneering in technological advancement üëèüëèüëè",5,2025-04-21,Dashen,Google Play
3c20866d-ce7c-4b69-8560-f6d93ffa58f4,"i can't recommend the Dashen Super App enough! This app is truly a game changer for anyone looking for a seamless and efficient way to manage their daily life. It combines multiple essential services into one easy-to-use platform, saving time and simplifying tasks The user interface is modern, intuitive, and super responsive, making navigation a breeze. Whether it's banking, payment services, or accessing lifestyle features, everything is just a few clicks away!!",5,2025-04-21,Dashen,Google Play
7cb31bf6-37e8-43b5-8e16-ef71964bc464,"The app is incredibly handy for managing multiple financial tasks, from bill payments to managing budgets. It‚Äôs saved me a lot of time and made banking way more convenient. Definitely worth checking out!",5,2025-04-21,Dashen,Google Play
259b8fc1-95f0-424b-a1f7-e87aa92fa021,what an App,5,2025-04-21,Dashen,Google Play
b265166a-9ff1-4067-8bf7-d39a9ef2b3b9,The new e-commerce feature is incredibly amazing and user friendly.,5,2025-04-21,Dashen,Google Play
73f7a4f8-1a68-4ce7-a967-48d463b72161,"dashen bank supper app is the most easy to use and have high speed,quality and I like features like chat,budget,fuel payment, and security for my opinion this product is techonolgy edge,this international standard thanks for product oweners (dashen bank)",3,2025-04-21,Dashen,Google Play
db41f525-f92d-4de2-8347-28e53d7c49da,"The Dashen supperapp is a revolutionary advancement in digital banking, combining exceptional usability, an intuitive interface and a seamless user experience. among its standout features are the integration of QR codes, account statement, transaction advise, chat, transaction authentication for limit thresholds, budgeting and different app in a single dashboard. Truly ahead of the curve ..... keep up the excellent work ü§ùüëè",5,2025-04-21,Dashen,Google Play
64bd0f28-58b5-4d21-9e5c-48e94130102b,"A proudly Ethiopian innovation that delivers beyond expectations. The marketplace feature is a big win for local shoppers and sellers. Very impressed with the new updates, The e-commerce section is smooth and supports Ethiopian merchants!",5,2025-04-21,Dashen,Google Play
aca2c7ef-67b1-4bee-9513-8c46687160d5,"Very impressed with the new updates, The e-commerce section is smooth and supports Ethiopian merchants.",5,2025-04-21,Dashen,Google Play
ea4beb1d-21e8-4558-a63e-311a297c5fab,"Dashen Bank Super App is fast, reliable, and super easy to use. All my banking needs are handled smoothly in one place. Clean design and seamless experience ‚Äì highly recommended!",5,2025-04-21,Dashen,Google Play
54f3be23-349e-4072-8bfd-5cf7b7abfdae,"Db sup app is A platform or an application that can grasp more satisfactions through fastest mode of operation which means for budget planning, to use QR code(scan, pay, go) chat with staff, acc to acc other bank ft, merchant payment, and easly. I addition to i satisfied and i invite everyone to use those platform!!.",5,2025-04-21,Dashen,Google Play
de4e96ce-7b6e-43e0-bbcf-b62e4b3bdc92,the chat banking and unique and only app that alow money request!!,5,2025-04-21,Dashen,Google Play
8fd74d7e-0884-4d11-814e-0c4ef602ae89,Better and inclusive app!,5,2025-04-21,Dashen,Google Play
e06de6b3-a472-46c0-b6e2-011de0f1bb5c,Amazing Application,5,2025-04-21,Dashen,Google Play
01e95645-7fd5-4097-bc7d-968e5cf8a267,It keep my time to pay my bills and I generate my satment easily,5,2025-04-21,Dashen,Google Play
f47eab44-c5f8-416b-a87b-fc821054a00c,"It's an amazing app that is up-to-date with the times, wow wow",5,2025-04-21,Dashen,Google Play
e25564f5-6a8c-49a0-a8f8-d3bea6d7d782,A game-changing Ethiopian innovation‚Äîwhere shopping meets opportunity. The marketplace feature connects buyers and sellers like never before.,5,2025-04-21,Dashen,Google Play
0dc746d9-fa4b-4311-bd43-15964c52ef2f,"Dashen Super App isn‚Äôt just an app ‚Äî it‚Äôs an experience. Effortless, powerful, and built for the future",5,2025-04-21,Dashen,Google Play
f2bfb38f-d086-46a3-b27b-555cd48d2ce1,"This Is An Amazing App with Uniqe Quality,Easy And Fast Mobile Banking App.",5,2025-04-21,Dashen,Google Play
abd68318-c8b6-4da2-bb05-033396b79dba,"Dashen SuperApp is a lifesaver! Banking, shopping, and bills in one super easy app. The new e-commerce feature is awesome and supports local merchants. Fast, secure, and proudly Ethiopian.Download it now‚Äîyou won‚Äôt regret it!",5,2025-04-21,Dashen,Google Play
723145b2-0472-4847-9f52-12af8242e101,"Dashen SuperApp blends finance, shopping, and daily services effortlessly. The new e-commerce feature is smooth and supports local merchants‚Äîproud to back an Ethiopian-made solution!",5,2025-04-21,Dashen,Google Play
abd77e3b-9982-4238-a313-229f983b6888,"A solid step forward by Dashen Bank. The SuperApp combines essential banking features with lifestyle services, making everything accessible in one place. The interface is smooth, and transactions are quick and reliable. It‚Äôs clear a lot of thought went into the design and functionality. Great job!",5,2025-04-21,Dashen,Google Play
81c62e29-992c-4e34-a119-e237241143a0,Dashen bank super app is the crucial and convenient app in Ethiopia. there is no other app to compare with Dashen bank super app,5,2025-04-21,Dashen,Google Play
7a24d10b-7192-44a6-8754-c0e953ab31e8,"All-in-one finance & e-commerce super app! Pay, save, shop seamlessly. Fast, secure. #BankAndShop",5,2025-04-21,Dashen,Google Play
7add4e5f-1790-4116-a9d4-2ff40842069b,it's a hestorical app. in the bank industry.,5,2025-04-21,Dashen,Google Play
5c5e40fe-35c5-4f6f-8ed7-9193001dbce9,"A game changer in Ethiopian digital banking fast, secure, and packed with services. Everything you need, all in one powerful app. A true leap toward financial convenience and innovation!",4,2025-04-21,Dashen,Google Play
96eca57f-b768-46dd-926f-7ec47a840dc5,"easy &,simple to use",5,2025-04-21,Dashen,Google Play
da4be3b3-64fb-436d-8f08-126f39e131e4,"Banking, but make it smart. Local solutions, all in one place. Smooth, fast, and actually saving time. Feels like the future. Love it!",5,2025-04-21,Dashen,Google Play
10678bb8-60b1-40e5-8324-3babcc031544,"All in one, that is it üëå",5,2025-04-21,Dashen,Google Play
2b6bec59-9090-4454-8f8a-69d5fa7228a0,", Dashen Bank Supper App is multipurpose, convenient, very attractive and Make life easier",5,2025-04-21,Dashen,Google Play
c2f15047-e933-4f57-86ff-bf9b10faeb4a,very easy and flexible app.,5,2025-04-21,Dashen,Google Play
833792dd-a407-4af9-9434-6ab69098bd7a,"I choose Dashen Bank Super Up since, it is easy to use & it has attractive features !",5,2025-04-21,Dashen,Google Play
44b22685-fe7b-4055-adcb-df30fa46905e,dashen super app is simple faster and reliable.,5,2025-04-21,Dashen,Google Play
5f293699-38b7-4850-961a-9bc87fb4c674,"Dashen Bank Super App is a game-changer! The user-friendly design, wide range of services, and smooth performance make it incredibly convenient for everyday banking. It‚Äôs fast, secure, and truly reflects the bank‚Äôs commitment to digital excellence. Highly recommended!",5,2025-04-21,Dashen,Google Play
3edce90e-e8ee-4006-8db7-5d7cd71bea40,"The app keeps getting better with every update! Smooth performance, great UI, and top-notch security. Thank you for making banking so convenient!""",5,2025-04-21,Dashen,Google Play
a83f058f-3dda-43ad-aa27-d5ae4394079b,this app is the most simply to use and secure safe i love it to use for any bank transaction,5,2025-04-21,Dashen,Google Play
2e1ac944-577d-49f7-8700-8444cf64c968,"After i download the app recently had a smooth expriance, its user friendly, fast, and everything works as expected. keep up the good work.",5,2025-04-21,Dashen,Google Play
d06e9f2f-096a-45ec-887e-ab91952da6d5,An app with High performance and advanced features!,5,2025-04-21,Dashen,Google Play
f64b1233-df5e-4e02-91e2-46d90d36a511,"It is a very user friendly, attractive user interface, full of useful features. I really encourage everyone to give it a try.",5,2025-04-21,Dashen,Google Play
c3c036b2-23e2-4726-b293-2b850fc5c42a,"Good actually , but it have to WORK when developer option is on üôè",5,2025-04-21,Dashen,Google Play
367c2630-0659-4ee2-87cc-8c15004a0ebe,"All-in-one convenience, From managing accounts to paying bills and shopping online and the chat banking is game changer, this app does it all seamlessly.",5,2025-04-21,Dashen,Google Play
326fbec1-a7ee-4cf0-abbe-70e459c2d846,I appreciate that Dashen Bank takes lifestyle services into account.,5,2025-04-21,Dashen,Google Play
9e7409a3-3f83-40f7-a541-9f7cfe6e06bd,keep it up!,5,2025-04-21,Dashen,Google Play
1a5540e5-684c-4d66-91b3-104401b3fc0e,amazing app really i loved it .that's why we say dashen bank is one stap ahead. It's the best mobile application that should be on every phone.,5,2025-04-21,Dashen,Google Play
02679123-8512-4ef8-aecc-1e808b0e587e,very comfortable app keep it,5,2025-04-21,Dashen,Google Play
728dcfdd-6f06-4758-b667-c02a4dbdc8b1,it has clear detail information about the application so it helps customer how to use the app. and it is very easy to use and also app is secure.,5,2025-04-21,Dashen,Google Play
bb1caed7-e397-46cd-ae6a-8f17803aaa05,"I have been using the Dashen Supper app mobile banking app , and overall, I appreciate its features.However,I‚Äôve noticed that when I turn on the developer options on my device, the app stops functioning properly. It would be great if you could look into this issue, as I often need to access developer settings for other applications . Thank you for your attention to this matter!",5,2025-04-21,Dashen,Google Play
8e636561-b129-4531-91cc-b5702e8b4c49,easiness to use with fast response time,5,2025-04-21,Dashen,Google Play
91163570-fe78-47f0-8ff2-b61611521af5,"The new mobile banking application is a major upgrade! It‚Äôs incredibly user-friendly, with a clean and modern design that makes navigation simple and intuitive. I really appreciate how fast it loads and how smooth the overall experience is. All essential services like balance checks, transfers, and bill payments are eas y to find and use. The added security features give me peace of mind, and the app runs reliably without crashes or glitches. It‚Äôs clear a lot of thought went into the user experi",5,2025-04-21,Dashen,Google Play
e33fe061-f431-47cf-8020-de2aab850c7d,"As an Internal Customer, Dashen Bank SuperApp has greatly simplified my online banking experience. It's easy to use, allowing me to quickly check balances, transfer money and pay Bills. The app's advanced security features are highly secure, ensuring my data is well protected. The Three click, Chat Banking and IPS features have also given me a smarter experience. In deed Dashen Bank is always steping ahead!",5,2025-04-21,Dashen,Google Play
e1b6c5fb-3ec7-43c7-8287-8e0e52f9f45b,"A truly impressive app ‚Äî user-friendly and a game-changer in Ethiopian banking. The Dashen Super App stands out as one of the most innovative and convenient digital banking solutions in Ethiopia‚Äôs financial history. Smooth navigation, seamless features, and a wide range of services all in one place. Well done!",5,2025-04-21,Dashen,Google Play
0fb5d898-5202-4f50-a515-c0e6c53539ef,dashen bank super up has very fast and convenience and also it has contain more things on one app .I am very interesting to use dashen bank super up,5,2025-04-21,Dashen,Google Play
0bc24b48-2510-4a64-84a9-6aedb70227e0,"The Dashen Bank Super App has truly elevated my mobile banking experience. It's fast, user-friendly, and packed with all the essential features. The interface is clean and intuitive, making navigation easy even for first-time users. I also appreciate the added security features that give me peace of mind while banking on the go. Dashen Bank has done an amazing job with this app‚Äîit‚Äôs reliable, efficient, and always improving. Highly recommended for anyone looking for seamless digital banking!",5,2025-04-21,Dashen,Google Play
018ac8b7-6249-464d-8741-75ba661bacbf,A fantastic product!! keep the good work.,5,2025-04-21,Dashen,Google Play
ea2955ee-58dc-4cc3-b15f-b5e5192add47,"I am very impressed with the Dashen super app. It is user-friendly and operates efficiently. The budget and chatbot features are impressive, and all items can be purchased with just three clicks.",5,2025-04-21,Dashen,Google Play
ced0bab5-54eb-478b-8524-6273849593e4,"The Dashen Super App offers a quick and user-friendly experience, bringing together a variety of services, like budgeting, payments, airtime recharges, and more, all in one convenient platform. Its sleek design and intuitive navigation ensure effortless transactions. It's evident that Dashen Bank has carefully crafted the app to make everyday financial activities easier. A great choice for anyone aiming to streamline their digital routines!",5,2025-04-21,Dashen,Google Play
45c85b13-de57-410d-a18f-c99f35adeaa0,Dashen supper App is the most useful app for our customers,5,2025-04-21,Dashen,Google Play
c1a83314-f98d-4542-97a3-9bfb8ee80157,it is the most amazing mobile app,5,2025-04-21,Dashen,Google Play
ba7e66dc-f48e-40ba-b6da-796f5f992a42,A Good and fast supper app thanks for dashen bank,5,2025-04-21,Dashen,Google Play
a569b90e-54af-4290-ae0b-dbb72a6ef72d,"Dear Users of the Dashen Bank Super App,I have been using the Dashen Bank Super App for a while now, and I must say‚Äîit‚Äôs truly a game-changer! The app is incredibly fast and reliable; I‚Äôve never encountered any delays with my transactions. One feature I absolutely love is Chat Banking. It makes everyday tasks like checking my balance or transferring money as simple as sending a quick message. Also, the budgeting tool has been a huge help in tracking my spending and giving me a clearer",5,2025-04-21,Dashen,Google Play
af6a767e-1b3b-4565-8d96-6d210f14d578,Too best,1,2025-04-21,Dashen,Google Play
dd035af7-592d-4cc7-b44a-1ccc90799b8d,"Dashen Bank Super Up,use the app and makes your easy,fast,convinent.",5,2025-04-21,Dashen,Google Play
b373440f-e07f-4680-b7e2-2c3480f8935d,To join digital world use supper app and make your life easy,5,2025-04-21,Dashen,Google Play
542a758d-d434-4ecc-b0b4-915b19ab1012,best mobile banking application,5,2025-04-21,Dashen,Google Play
2e0b8a09-ce7b-47fb-a92f-85a36837d3e8,"This banking superapp is incredibly well designed. The design and appearance of the app and the overall experience I have when using the app is fantastic. The app is packed with features from banking to e-commerce all in one place.It even has a budget setting option which is super useful for managing my money. Everything runs smoothly and I love how convenient it has made my daily life. Huge Kudos to Dashen Bank. You are truly living up to the motto ''Always one step ahead."" Keep it up!",5,2025-04-21,Dashen,Google Play
6554e43a-d698-4fb6-b54b-b751d6e35b59,I was really amazed by the idea of an e-commerce service on a banking app. This is what it means to be one step ahead. Please include all kinds of products in there as soon as possible.,5,2025-04-21,Dashen,Google Play
a4bc0fa0-af8b-4326-9810-4d165339cddc,this is what we expect to get service Dashen Bank always like his slogan,5,2025-04-21,Dashen,Google Play
fc9de221-55c2-4e7f-b6e9-562271384e25,"Dashen SupApp is the most contemporary application, offering a great experience by enabling users to perform multiple tasks through a single platform‚Äîsuch as chatting with friends, transferring money, paying bills, and more. It is the first app of its kind in the Ethiopian banking industry, making it a remarkable opportunity for entrepreneurs working in app-based sales and software marketing. Good job, Dashen Bank!",5,2025-04-21,Dashen,Google Play
3780028d-f872-4f67-b5d0-e99b47637d45,Dashen Super App gives me an amazing convenience and makes life easy.,5,2025-04-21,Dashen,Google Play
20471a05-4abe-44ba-91b5-e1e4d3ba06ad,excellent mobile banking app,5,2025-04-21,Dashen,Google Play
f5eb3397-4225-49bb-9a58-ae3d925f7249,Wow! like his name Super App...,5,2025-04-21,Dashen,Google Play
69c1a94b-f08a-4870-a39b-94fec011f10e,Dashen supper app is the most special. ·ã≠·àù·âæ·â± ·ã≠·àà·ã´·ã´·àç!!!!,5,2025-04-21,Dashen,Google Play
247c8ee1-79e7-4b1b-ac77-68b3f12a79bd,convenient and fast,5,2025-04-21,Dashen,Google Play
3d55fdb3-5bf4-4beb-ba8a-26ae4146818c,Best- in-class app.,5,2025-04-21,Dashen,Google Play
90934a29-291a-421c-a91b-a9d68b172309,I really like this amazing application and Dashen Supper app that has made my life easier.,5,2025-04-21,Dashen,Google Play
48669071-ec48-41f4-9356-0a76407acc48,Superb,5,2025-04-21,Dashen,Google Play
2ffaf4aa-61d2-4d86-8c96-abf5a1b23c24,"amazing features, faster and easy to use",5,2025-04-21,Dashen,Google Play
f2d1543b-dd8e-4e19-ba64-9e081ba8e26e,"The Dashen Super App offers a modern, user-friendly experience that leverages the latest technological advancements to deliver a seamless e-commerce platform",5,2025-04-21,Dashen,Google Play
47b14e43-effd-41b5-bd82-17270fbffa0b,Best App!,5,2025-04-21,Dashen,Google Play
9f902406-3393-4cfd-8239-3c4428213fd4,I love it. one of the best mobile banking app in the banking industry,5,2025-04-21,Dashen,Google Play
9be5c5b4-1501-42ad-a09a-e8ef95cbf63e,I love this app,5,2025-04-21,Dashen,Google Play
3bcfd605-8fb5-4d97-b76b-cdface014366,no working for me hulum information asgebiche continue or accept yemilew button ayeseram my phone is Samsung A51,1,2025-04-21,Dashen,Google Play
1f1bd41f-afc0-4315-a47b-14a887cb57a9,good,5,2025-04-20,Dashen,Google Play
85be1a9a-08a7-459f-8d75-8cb616fe19bb,waw no idea the best app.,5,2025-04-19,Dashen,Google Play
0259d0e9-0c38-4f49-ae3f-fc92ef7c5e8d,fast best app,5,2025-04-19,Dashen,Google Play
a11560b9-2886-4895-aa5c-fd11fcc937df,Nice App,5,2025-04-18,Dashen,Google Play
e3b10297-292a-49fc-8683-51b622d9928f,nice app ever,5,2025-04-17,Dashen,Google Play
26cc9561-168c-46f6-b215-77abcff0c93a,good,5,2025-04-17,Dashen,Google Play
b2e4d3fd-eb62-4842-8f54-2eed84304d2e,very disappointing app. Closes frequently and unstable in function,2,2025-04-17,Dashen,Google Play
acd6241e-e5fd-42d7-b4f0-4ea23bb4e0b8,"Feature-rich? Absolutely. But the speed? Painfully slow. Seriously, is it communicating with a server on Mars or something?",5,2025-04-16,Dashen,Google Play
54b27479-65b5-456a-9b69-4a0414f47db4,nic app,5,2025-04-16,Dashen,Google Play
c972d48b-2a70-44fa-a8eb-317e7a18a0c4,Nice,5,2025-04-16,Dashen,Google Play
f030c4f0-fb67-4137-99a1-328005baa7f6,"The Dashen Super App delivers a remarkably fast, highly secure, and exceptionally user-friendly experience, establishing it as a leading application in its category.keep it up and stay ahead Dashen Bank.",5,2025-04-14,Dashen,Google Play
ef9c66c0-8b8c-4ee4-8381-b619749dafd7,So far so good! their in person customer service is amazing üëè,5,2025-04-14,Dashen,Google Play
31ba75aa-0131-4d00-9da7-271c80686fc3,The app is very backward and doesn't always work. If it works three hours out of 24 hours it's great!üò•,1,2025-04-14,Dashen,Google Play
2d68b7f9-3815-4a73-a4cc-255e76286a37,·àù·à≠·å´·ã¨ ·äê·ãç,5,2025-04-13,Dashen,Google Play
4a573872-2c70-4361-a756-5502a391a32d,It's bad for the connection and too many days are it that not working,1,2025-04-12,Dashen,Google Play
1a572866-fba7-4bf9-a0d1-6bfdfd3d2777,it's samart,5,2025-04-10,Dashen,Google Play
a64da118-e96b-4c55-8b19-e984c4bdae0d,"The app is not working properly, I have been using it.",1,2025-04-10,Dashen,Google Play
08143368-8432-4be3-975d-f669c82de5cd,it is very good app,5,2025-04-10,Dashen,Google Play
dfe8af03-762c-43c4-bbf6-5c45d4880cba,"I had a disappointing experience with Dashen Bank's Super Up service. The app is very slow and takes forever to load during transactions, which is incredibly frustrating. Additionally, it doesn't generate receipts for any transactions, making it difficult to keep track of my expenses. I also reached out to customer support, but the response time was longer than expected. Overall, I was hoping for a better experience, but I find the service lacking and in need of improvement.",2,2025-04-09,Dashen,Google Play
de777420-aae0-41a1-aacc-db820e320164,slow cumbersome,3,2025-04-08,Dashen,Google Play
14c57697-d4c8-4279-b2b8-3e768bdf5c6a,Is really üíÄ,2,2025-04-08,Dashen,Google Play
931c354b-c307-4156-9813-c7c835a4f16e,It's slow to send OTP. it's not reliable. It crushed many times. It needs improvement in many ways,1,2025-04-07,Dashen,Google Play
893268c3-2739-452a-9152-48ffd3fc1d25,"This is the worst mobile banking experience I‚Äôve ever had. It doesn‚Äôt work when you need it, and it randomly updates itself without warning. You can‚Äôt make transactions whenever you want. It‚Äôs a nightmare for anyone who relies on this as their main banking option, especially those with a lot of money in their account. I‚Äôm lucky I‚Äôm not one of them, but still, it‚Äôs infuriating not being able to access your money when you need it.""l",1,2025-04-07,Dashen,Google Play
fbaf57f0-92a0-4b15-84e4-b4cb59d1d773,"I have experienced on using the app of Banks in Ethiopia, this Dashen sup is like old version of the applications for using. I gave 3 star for it's very low speed while login and processing",3,2025-04-07,Dashen,Google Play
0de19603-35ea-406d-b617-7eabb10335aa,proud by dashen bank,5,2025-04-06,Dashen,Google Play
73ff1baa-fad6-4160-aa40-969eb82a320d,best,5,2025-04-06,Dashen,Google Play
e31e094b-e137-4790-8d71-64fea60d4318,best of best,5,2025-04-05,Dashen,Google Play
41d40d6a-7764-44ae-9d84-48ef511d19ea,nice,5,2025-04-04,Dashen,Google Play
ce8ccf40-0a97-47f8-bc45-03738bbc04ec,This app is not working unless you turn off developer mode on your phone. So it takes your rights to just use it.,2,2025-04-04,Dashen,Google Play
40a13dab-c379-47d7-824c-a7c1e937eef5,real super up,5,2025-04-04,Dashen,Google Play
70c95fff-28fb-402d-892b-ed662749f1aa,it's very disappointing fix it as soon as possible not expected from dashin bank fix it,1,2025-04-04,Dashen,Google Play
c3e0eaa6-ca75-4108-9c3e-abca4a91b3f6,why dashen bank workers hidden my ATM Card üèß?it's a big problem to me,5,2025-04-04,Dashen,Google Play
44a74604-ef00-4bf9-b9bc-2ce7b38bc250,good,5,2025-04-04,Dashen,Google Play
606d3a2d-c6a9-4284-b1c7-6d34e3a6af7f,tanku,5,2025-04-04,Dashen,Google Play
3303ebd2-ac83-4175-a7af-a7704434e3ab,very nice,5,2025-04-04,Dashen,Google Play
7797f141-180c-41c1-a10b-f12d46bbb7d5,perfect,5,2025-04-03,Dashen,Google Play
be5936f7-e8c0-4030-b2dd-fbd79a8c4c93,goood,5,2025-04-02,Dashen,Google Play
aa9a2e47-105b-4740-936b-5488655b8b77,why does it ask me for both pin and opt even the opt is touch let alone both,2,2025-04-02,Dashen,Google Play
84aa25b3-d7e0-4b70-b633-c08a7080a15e,it is best app easy to use,5,2025-04-01,Dashen,Google Play
57a22ff8-953c-40cd-83df-6c49d1d8b962,It is very easy to use and powerful application.,3,2025-04-01,Dashen,Google Play
9f5f0fa8-db42-43c2-8721-58c119af5dcf,this apps have a good feature but but some features like developer mode turn off irritate user,3,2025-04-01,Dashen,Google Play
60be5eef-b92b-4b29-8f64-4b8247955852,"This is not only a mobile banking app, it is beyond that. We will access our account easily, we are able to get many information easily here. i.e. exchage rate. We are able to chat with others, we are able to budget, we are able to transfer to other bank and within Dashen. we are able to access many accounts in a single app, we are able to pay bills in QR scan, we are able to make payments and order delivery items here in a single app. #Always one step ahead.",5,2025-03-31,Dashen,Google Play
0e282b42-25df-4074-81ec-5d7a4fafff30,wallahi very fantastic Bank,5,2025-03-31,Dashen,Google Play
53137024-74a1-45db-b9ea-1aaa0ae2d220,"Waw, It's amazing app. thank you Dashen Bank.",5,2025-03-31,Dashen,Google Play
853ee9c7-8582-4e45-a993-053c3ec03c6f,ok,5,2025-03-30,Dashen,Google Play
8ccff7c0-593d-4cdd-8ad5-816e87e21716,nice app,5,2025-03-29,Dashen,Google Play
01a0e740-974d-440c-be89-6a6000ea0366,"I‚Äôve been using the Dashen Bank Super App for a while now, and it‚Äôs been a game-changer. The app is super fast and reliable‚ÄîI‚Äôve never had an issue with transactions being delayed. One of my favorite features is the chat banking, which makes it so easy to do things like check my balance or transfer money just by typing a quick message. The budgeting tool is also really useful. It helps me keep track of my spending and gives me a clear picture of where",5,2025-03-28,Dashen,Google Play
782b0524-0f48-488c-ac22-522bb804eba4,good,5,2025-03-28,Dashen,Google Play
d22cbb5a-f2f9-4ae3-999c-f2e0d13a3e8a,nice application,4,2025-03-27,Dashen,Google Play
4660467d-9fdb-47c9-b8b7-c840459b6f1d,Very good app that like it too. B/c it is very fast and easy to use.,5,2025-03-26,Dashen,Google Play
343360c2-3b89-4559-aed4-a0a5b305e941,best experiences,5,2025-03-26,Dashen,Google Play
ca7d361e-1f8a-468b-aa80-d8b83492f769,too slow to use.,1,2025-03-26,Dashen,Google Play
45d021e2-c443-4dcb-867d-c310b1fd6674,·å•·à© ·äê·ãç,5,2025-03-25,Dashen,Google Play
96ea3b89-d183-4b30-95ba-d696229a21a2,the worst app in the market only good ui,1,2025-03-22,Dashen,Google Play
397074c7-b7bc-4591-b1e3-c897725fc5d2,nic,5,2025-03-22,Dashen,Google Play
1e9c777e-9e49-48a2-9860-b6677041065c,·â†·å£·àù ·âÖ·àç·àç ·ã´·àà ·ä†·çï ·â†·à≠·â±·àç·äï ·àà·ä†·å†·âÉ·âÄ·àù ·àù·âπ,5,2025-03-22,Dashen,Google Play
5aca57a6-771c-4c8d-8a80-6e608b914532,thanks for all digital transaction,5,2025-03-21,Dashen,Google Play
241170a4-7e78-449f-9e67-8f79e41d760a,Good,4,2025-03-21,Dashen,Google Play
04a1ae5b-51ce-4ac4-9330-6b2e0d306f8a,Best,5,2025-03-20,Dashen,Google Play
f16a9e0c-de2c-424f-b1eb-766de75aa546,Good,5,2025-03-20,Dashen,Google Play
99f90574-1dbf-42a9-858c-189a06861b45,"This app is not supporting smart phones that have old android version and so it is none inclusive. At the same time the amole lite is not working properly and once you reached to maximum otp trail mistakes due to network or other errors like stacks , you will be tied up to make Transactions. Ohh... tired!!!!!",1,2025-03-20,Dashen,Google Play
cc216f5d-20b8-4212-b069-a11081408ebf,it's Be Come Busy &not working good,1,2025-03-20,Dashen,Google Play
c9ccf8f1-21a4-4d86-850c-3dc06ad32929,I wanted to share some concerns about your Supper App. It appears to be experiencing reliability issues and isn‚Äôt performing as expected. I hope this can be addressed soon to improve the user experience. One star üåü for now.,1,2025-03-19,Dashen,Google Play
50bb3c5c-f5ff-4cc5-a54f-852c615b63ab,"best ever digital banking sector essay for understanding ,smart and convince for using",5,2025-03-19,Dashen,Google Play
4ef60b89-4801-4cf0-ada6-2bce41143514,good and latest,5,2025-03-18,Dashen,Google Play
53699884-ff3a-4c51-adfa-0cffa15f3dec,The best App of all,5,2025-03-17,Dashen,Google Play
2e80eb71-d6a8-4d27-82c8-40185174130d,Worst app ever,1,2025-03-15,Dashen,Google Play
ff2ba69c-4be5-4bf9-a9fc-b5e1057c4e5d,"This app is the most unreliable mobile banking application I have ever used for transaction, it is very late, non-responsive and full of bugs. Its is very disappointing. It is just inconvinient, and not user friendly and compatabke at all !!!!!!",1,2025-03-14,Dashen,Google Play
b5572815-98e0-4e78-a97d-8f9a7ce510ac,Naiycapp,5,2025-03-14,Dashen,Google Play
ecabd66e-0096-41aa-b7d5-3f6ea2224d39,Good,5,2025-03-13,Dashen,Google Play
c28737a1-863f-4849-a23a-4e0276331600,The app is good but it has no USSD option,4,2025-03-13,Dashen,Google Play
50d96edd-871e-43f8-875c-2c5af0b6425e,Hey great,5,2025-03-12,Dashen,Google Play
8ccaff64-7fc0-48bb-ac75-2b4159cc3e87,I have used many mobile banking and also tellebir and mpesa nothing come close to this app. Well done Dashen indeed one step a head. A lot of cool features that amole hasn't the receipt and the account statement is superb for me. I hope you add more integrated small apps to.,5,2025-03-12,Dashen,Google Play
a56e08a4-9b66-479a-a15a-cd176795b4ab,The app is good but it ask update every week so tiring,2,2025-03-11,Dashen,Google Play
f2d13740-9e20-481d-a06d-fccda6a10678,It good and easy to use,5,2025-03-11,Dashen,Google Play
1cd88a7e-82f9-43a7-9478-9a67b9b6dd68,·â†·å£·àù ·ä†·à™·çç ·àò·â∞·åç·â†·à™·ã´ ·äê·ãç ·ç¢ ·ä†·àò·à†·åç·äì·àà·àÅ ·ç¢,5,2025-03-10,Dashen,Google Play
3ddadbd2-0a8b-4a01-bfaa-b6ef81d3540a,"Greately improved since it was released! I really like the budget and expense tegistration feature. For ATM or POS withdrawals, it is not possible to account these expenses, even if it is visible on the transactions window. If that can be worked on, it will be improve so much!!",5,2025-03-10,Dashen,Google Play
bcd792b5-2382-46a4-af0c-ed9ab05b6835,Excellent,5,2025-03-10,Dashen,Google Play
89961b20-10da-4db9-8b2f-9cef9094e30c,Good,5,2025-03-08,Dashen,Google Play
f9126392-3acd-4489-9132-bf82272db6d6,Wow Excellent app,5,2025-03-08,Dashen,Google Play
9bf1dc74-738b-4a5a-b040-b29ea9e70eed,Nice app but i experience some issues with others banks transfer it keeps saying account is not exist most of the time.,4,2025-03-08,Dashen,Google Play
341ec938-d1bc-457a-9338-e843f0f90de5,Add the option to send money to any telebirr account like amole does.,3,2025-03-08,Dashen,Google Play
8577de2b-71d6-44e3-a193-378741602849,It's best,5,2025-03-08,Dashen,Google Play
c2cbf77e-1b2a-44e2-995e-ff73af4774af,no one dashen yichlal,5,2025-03-07,Dashen,Google Play
327e1e45-d0a7-4f72-8ccb-52cc63f86b4b,In short ! I'm so proud of this app developers for their highest professional of developing. Thanks,5,2025-03-06,Dashen,Google Play
e5940db7-4b11-49ba-afb3-dc5ea3187e22,The speed is too slow. Need some improvements.,2,2025-03-06,Dashen,Google Play
c13a95ce-24b9-42f6-8960-3e35c185803f,good app,5,2025-03-04,Dashen,Google Play
ba522f2d-c1c2-4220-b0d5-3704bd0c6938,Fantastic app,5,2025-03-01,Dashen,Google Play
c0e222c0-439e-49f8-8257-c4acc0096d34,Good,5,2025-02-28,Dashen,Google Play
67f536af-5099-457f-8542-e393a296c3ed,I wish dark mode feature is add as an option but it's good app,5,2025-02-27,Dashen,Google Play
0b53d603-6e66-4f69-9da7-16805b75ba57,"Super Up is the ultimate digital banking app, living up to its name with speed, efficiency, and innovation. Designed for a seamless experience, it offers lightning-fast transactions, top-tier security, and effortless financial management. With Super Up, banking has never been this smooth, smart, and super!",5,2025-02-26,Dashen,Google Play
c28e8908-6a25-4376-a485-7b04bc997225,"The Dashen Super App is a game-changer in digital banking, offering a seamless and convenient experience. With its user-friendly interface, fast transactions, and a wide range of financial services, it simplifies banking for customers. Features like bill payments, fund transfers, mobile top-ups, and loan applications make it an all-in-one solution. Plus, its security measures ensure safe and reliable Experiance effortless banking",5,2025-02-26,Dashen,Google Play
c01573db-17bd-4ce9-b87f-3d7da674017f,·ä®·å∞·äê·å®·ã®·å†,2,2025-02-26,Dashen,Google Play
f88da233-2eb1-45cb-b63b-44dcdb976768,"It has good feature. But, it is Very Slow! difficult to pay or receive. The Speed should be improved, else I didn't recommend.",2,2025-02-24,Dashen,Google Play
e24a6e4b-96f0-4c1e-a560-f42cd18eabfe,Excellent app,5,2025-02-24,Dashen,Google Play
c62ce40d-3edd-4161-aabc-2754b1522c27,·ä†·çï·àç·ä¨·àΩ·äë ·ä†·à™·çç ·àÜ·äñ ·à≥·àà ·â¥·àå·â•·à≠ ·ãà·ã∞·à´·àµ ·â•·âª ·àà·àù·äï ·àÜ·äê ·ä•·äï·ã∞ ·ãµ·àÆ·ãç ·àà·à∞·ãç·àù ·àò·àã·ä≠ ·â¢·âª·àç,4,2025-02-22,Dashen,Google Play
fb9bb0aa-6149-43a4-b97d-c3b127e70925,No good,1,2025-02-22,Dashen,Google Play
3174db3e-74bc-46df-b79b-b5ff60c14c48,Wow amazing app,5,2025-02-21,Dashen,Google Play
683de88e-f2ad-42d6-a55b-2dd23f830f16,best platform... Please avoid otp,5,2025-02-21,Dashen,Google Play
385faf93-24cc-4713-8d72-fae389427e17,Super smart app.,5,2025-02-18,Dashen,Google Play
82783cac-4e7e-45d2-93aa-77a94a0976c2,best üëçüëç,5,2025-02-16,Dashen,Google Play
265743cb-be14-4ccc-bd79-63614facdc4b,I don't know what happens but the application is not send verification pass code you should fix that,1,2025-02-16,Dashen,Google Play
2e220ab1-f599-45dc-9c79-bae6f2d570a4,This app doesn't work on my phone my phone is Samsung Galaxy s7 android version 9 All other financial apps work like telebirr CBE M_pesa...,1,2025-02-14,Dashen,Google Play
a8a15c7d-b1d5-474b-b9bf-f0c0ffa88f7a,"Dashen Super app is secure, very easy to use and has more services uniquely like budgeting, chat, IPS...",5,2025-02-14,Dashen,Google Play
f8763b54-c5d4-4c59-861a-599208b65feb,Amazing and user friendly supper app and looking forward the additional features,5,2025-02-14,Dashen,Google Play
3e75a98f-2fc1-4cb4-993c-03861379c8ba,it's amazing app i have seen ever,5,2025-02-13,Dashen,Google Play
9ae5069d-5a2f-48b3-b4ed-10d4ada9fc27,One star deducted for not to able to transfer to telebirr.,4,2025-02-13,Dashen,Google Play
9e7eb25d-f5a4-49d6-8a13-81ccc4e2d858,·å•·à© ·äê·ãç ·åç·äï ·â†·ã∞·äï·â• ·àä·à∏·àª·àç ·ã≠·åà·â£·àç,4,2025-02-13,Dashen,Google Play
909adb48-ccde-44b3-9f1d-39edfa87feca,·çç·å•·äê·â± ·â†·å£·àù ·ä†·à™·çç ·äê·ãç! ·ä•·äì ·âÄ·àà·àç ·ã´·àà ·äê·ãç ! ·äê·åà·à≠ ·åç·äï ·â∞·å®·àõ·à™ ·ãà·ã∞ ·â¥·àå·â•·à≠ ·ä§·åÄ·äï·âµ ·àò·àã·ä™·ã´ ·ä†·çï ·â¢·ä´·â∞·âµ·â†·âµ ·å•·à© ·äê·ãç::,4,2025-02-12,Dashen,Google Play
7fd2376a-3eab-49ca-ba2e-a746fcbd41e3,Keep up the good work and pleas add water and electric utility payment,5,2025-02-12,Dashen,Google Play
613668b0-cdbc-4e3d-8883-4063f88d5f55,The app missed some important features 1. It does't show recent transactions 2. Transfer to Telebirr limited to own telebirr 3. The statement does't show running balance,2,2025-02-11,Dashen,Google Play
69f6ff2e-7e74-497a-93e2-65276899de9e,"Simple, Fast and Easy ‚≠ê‚≠ê‚≠êüéâ",4,2025-02-10,Dashen,Google Play
ffdfd5e6-1ecf-444f-9e0b-9bc297a69c46,"·ã®·àö·åà·à≠·àù aplication ·äê·ãç, ·äê·åà·à≠ ·åç·äï ·â•·à≠ ·âµ·à´·äï·àµ·çà·à≠ ·à≤·ã∞·à®·åç ·ã´·àà ·çí·äï ·àò·àÜ·äë risk ·ä†·àà·ãç ·àÅ·àâ ·åä·ãú ·ã® ·âµ·à´·äï·àµ·çà·à≠ ·àò·ã∞·àù·ã∞·àö·ã´ ·çí·äï ·àò·àÜ·äï ·ä†·àà·â†·âµ!!!!!!!!!!!!:: ·ä†·à± ·â¢·àµ·â∞·ä´·ä®·àç 5 star ·ä†·àµ·ä®·ãõ·ãç ·åç·äï 4 ·à∞·å•·âª·àà·ãç::",4,2025-02-09,Dashen,Google Play
891e6da7-f907-4f55-9b95-bbdc7adebf8a,Baankii daashin baankii hudna galeessa galatoomaa isinii woliin jirra Godina jimmaa magaalaa Aggaaroo irraa Muaz Abamecha Abamilki,5,2025-02-07,Dashen,Google Play
194f5219-2f46-4fad-a3b5-e8358c4d63d2,Good,5,2025-02-07,Dashen,Google Play
d05a1051-ac8e-430f-aacc-8ff1b705c52e,It doesn't work,1,2025-02-07,Dashen,Google Play
838c12ea-fe1e-44ba-8e84-6306b3f4b274,"#Dashen Super App; Super easy to use, secure, and fast transaction. Love it!",5,2025-02-07,Dashen,Google Play
32fcc5d5-d950-4822-9511-d5164dd77d8f,"I tried the new Dash Bank Super App today, and it's amazingly easy and fun.I recommend you download and use it. You really like it",5,2025-02-06,Dashen,Google Play
eb2e7a90-4543-435f-8503-8ed2f854fcec,Gud app kegza ga mezmn endze new aind ermjh kedme nachu hlam,5,2025-02-06,Dashen,Google Play
f228842d-868b-4a61-b036-67dc99b66263,"Good app, bad security",3,2025-02-06,Dashen,Google Play
dca04efa-d0c5-4924-b83b-e9e4c6c99db0,On Transaction page only show sent Transaction. Try to include received transaction.,4,2025-02-06,Dashen,Google Play
c82361fa-9e37-4860-bc11-9359afac3faa,Wonderful Application üòç,5,2025-02-05,Dashen,Google Play
2cbedfad-3afd-4387-a153-7d4ba1fdda8d,I loved it,5,2025-02-05,Dashen,Google Play
39bc0f81-df7d-4005-8e39-44e299e37ec9,·ä†·àÅ·äï ·åà·äì ·ä†·äï·ãµ ·ä•·à≠·àù·åÉ ·âÄ·ã∞·àõ·âΩ·ãç,5,2025-02-04,Dashen,Google Play
ac5ac2cd-a1e4-491b-b329-d6e482f73514,I am so thankful for having this best app Dashen one step ahead,5,2025-02-04,Dashen,Google Play
1c116a21-e7a9-4a68-bbb4-b0648d66cf63,Not good this app,1,2025-02-04,Dashen,Google Play
f06e0aa1-5c03-49c3-8309-6ea44192e25f,Best app,5,2025-02-04,Dashen,Google Play
824f5bc7-d535-44c6-aa31-70deb1c60536,Excellent app ever but it needs improvement on speed and transaction lists,1,2025-02-03,Dashen,Google Play
38287024-a327-4797-97d1-efd0ae2389e0,Perfect,5,2025-02-02,Dashen,Google Play
597cc327-30e5-4e42-b0c0-036000135d97,"It does not work functional ,",1,2025-02-02,Dashen,Google Play
ac3816d2-d33a-47ed-be39-6255d5eb0cf4,Ok,5,2025-02-02,Dashen,Google Play
dd0203df-e318-43df-9815-75dd18853191,all of dashen bank customers use the application it is good to use,5,2025-02-01,Dashen,Google Play
d295e90c-2a76-4ad6-b226-1790227acbb8,Gret experience,5,2025-02-01,Dashen,Google Play
65de0ad6-c082-4973-a097-48eda45452c4,All good we need more,3,2025-01-31,Dashen,Google Play
0249c003-803f-498a-8b18-eb6432fa32d8,"Dashen super app is easy to use, fast and robust",5,2025-01-31,Dashen,Google Play
9ee8e60c-160b-4003-ba52-2951486f87db,it was amazing app.....thank you dashen bank....,5,2025-01-30,Dashen,Google Play
bc3c1df4-38ee-440f-ae12-6e1e3163e86a,Dashen bank super app for easy life.,5,2025-01-30,Dashen,Google Play
9f32b894-dd57-4207-bb32-0ff6ee94cea9,Excellent UI/UX and beyond Banking servicesüëçüëç,5,2025-01-30,Dashen,Google Play
b7bc8253-642a-4851-a87d-8369c30727f9,Send to oher bank ·ã®·àö·àà·ãâ ·ãâ·àµ·å• ·åà·â•·â∞·äï ·ãà·ã∞ addisinternational bank ·àà·àò·àã·ä≠ ·ä†·ã≠·à∞·à´·àù ·àÅ·àà·â∞·äõ ·ã∞·åç·àû ·ãà·ã∞ cbe birr ·àà·àò·àã·ä≠ account number ·ã≠·å†·ã≠·âÉ·àç ·àû·â£·ã≠·àç ·äê·â†·à≠ ·äê·ãâ ·àò·å†·ã®·âÖ ·ã´·àà·â†·âµ ·ã≠·àò·àµ·àà·äõ·àç,2,2025-01-29,Dashen,Google Play
3b3bf235-a991-4722-b115-3303dfdd96e8,Best,5,2025-01-29,Dashen,Google Play
807f91ce-e70a-4fee-887b-da9acaae417e,Just Wow,5,2025-01-29,Dashen,Google Play
666f778c-092d-4405-9e04-258d8152de46,mobile banking to the next level,5,2025-01-28,Dashen,Google Play
03ac84cb-5bf8-46ee-9147-168ec0ad43e0,Nice,5,2025-01-25,Dashen,Google Play
1145b8fd-78d9-49a0-87fd-6ab8e2db511f,The first 3 star review is me,3,2025-01-25,Dashen,Google Play
0c361c70-35d3-4b6e-9529-420f355a462e,Is not working,1,2025-01-25,Dashen,Google Play
0ea5e9d8-4441-4bb3-bce8-e118186f5476,"Fast, reliable and user friendly. Amazing chatting features. Keep it up! Always one step ahead!",5,2025-01-24,Dashen,Google Play
f1defd9c-4d86-424c-a2a2-1e7c5d5596e9,V good ‚ùóÔ∏è,5,2025-01-24,Dashen,Google Play
f68d328a-8c85-4b29-a795-9ae94401d080,"This app is literally the best thing ever The chat banking is so easy just text and it‚Äôs done Super smooth, fast, and honestly a life saverIf you haven‚Äôt downloaded it yet you‚Äôre missing out big time",5,2025-01-23,Dashen,Google Play
57bf5b58-5adb-4744-bff7-7df4298befc7,I only see white page,2,2025-01-23,Dashen,Google Play
c308c09f-f4d5-4d57-b0a5-213421e716b1,Excellent banking app for all your needs! Who needs a physical branch when you can use Dashen Bank Super App Instead! I've never had an issue with anything that Dashen Bank Super App haven't handled swiftly and resolved to my satisfaction and above I don't often write reviews but this is an app/bank that I would highly recommended to everyone üíØ üëåüëç,5,2025-01-22,Dashen,Google Play
5433e4db-04c2-465d-bc39-5d2a0de2ccf3,Amizing Application üòç,5,2025-01-22,Dashen,Google Play
904eeec9-244c-420d-993c-36eb07d5acfa,Fastest and easy to use,5,2025-01-22,Dashen,Google Play
d03bca01-f0a3-4f34-90fb-e340c4b416ac,Ok,5,2025-01-21,Dashen,Google Play
d12a6512-7ec9-46bd-ba1d-f7a55236e056,·å•·à© ·äê·ãç,5,2025-01-21,Dashen,Google Play
fc3a50a1-d5e6-4f80-8ce6-b6a095a5c8ac,·àµ·àù ·â•·âª üòè,2,2025-01-21,Dashen,Google Play
86ab0ca1-7381-4246-ac00-334201786705,Exellent app with exellent banking system and exellent bank ever,5,2025-01-21,Dashen,Google Play
fe0a020d-cbb2-4d97-9592-68832fbf6f42,Amazing app to use as usual! But why option of transferring to Telebirr and M pesa which was available on Amole app is omitted?? Dasheen is my favourite keep it up.,4,2025-01-20,Dashen,Google Play
c18fd7bd-ba86-4153-b1c5-50295aa8c9ec,Needs some improvement,5,2025-01-20,Dashen,Google Play
08215c14-1190-4dcf-b809-cc6738ac900c,Amazing,5,2025-01-20,Dashen,Google Play
6f9e9925-6a0c-4a1f-b314-314b7e5531c8,Amazing super app,5,2025-01-19,Dashen,Google Play
6b00e8df-f745-4176-adc4-5e6fcd4dc874,I hope it will be better than amole,5,2025-01-18,Dashen,Google Play
5163263f-40df-46b8-b16a-d9ec4b8ac643,Wly Super App ilove it ‚ù§Ô∏è üòç üíñ üíï,5,2025-01-18,Dashen,Google Play
2b7a2610-2a6a-4325-967d-b210ae04e037,Wow,5,2025-01-17,Dashen,Google Play
ccc5d16b-27ee-465e-8230-f7adcccfe425,Dashen yichalal. Ewnetem one step a head,5,2025-01-17,Dashen,Google Play
121f30ef-0f05-4695-a424-5b2ffbdf1483,It has a Good performance but need more upgrade for more performance like when we login account not be fast balance show other thing looking good. Carry on. Thanks so much for Greatest service,4,2025-01-17,Dashen,Google Play
dea35742-2646-4ac9-98c0-c4fa4c509da9,"It is a very wonderful work that has saved its time. That is why it is ""Always one step ahead!""",5,2025-01-17,Dashen,Google Play
d5a42e90-cd0f-4276-b8f8-d17b6a5d9eb1,‚ÄúLife-changing!‚Äù I can‚Äôt imagine going back to traditional banking after using this app. It‚Äôs so convenient.,5,2025-01-17,Dashen,Google Play
4818ccd5-f8fa-44d0-a9b7-adcd7ad55d28,Pro max,5,2025-01-17,Dashen,Google Play
58f9de7f-6855-4e78-aa65-e7a01ff565a9,The most good app and easy,5,2025-01-16,Dashen,Google Play
